-- Creating user accounts.
INSERT INTO users(user_id, username, email, password_hash, first_name, last_name, date_created, weight) VALUES
(16, 'sara_blue', 'sara@example.com', 'hashed_password_16', 'Sara', 'Blue', NOW(), 68.0),
(17, 'tom_red', 'tom@example.com', 'hashed_password_17', 'Tom', 'Red', NOW(), 75.0),
(18, 'jane_doe', 'jane.doe@example.com', 'hashed_password_18', 'Jane', 'Doe', NOW(), 62.5),
(19, 'john_smith', 'john.smith@example.com', 'hashed_password_19', 'John', 'Smith', NOW(), 80.0),
(20, 'alice_wonder', 'alice.wonder@example.com', 'hashed_password_20', 'Alice', 'Wonder', NOW(), 55.0),
(21, 'bob_builder', 'bob.builder@example.com', 'hashed_password_21', 'Bob', 'Builder', NOW(), 90.0),
(22, 'carol_white', 'carol.white@example.com', 'hashed_password_22', 'Carol', 'White', NOW(), 70.0),
(23, 'dave_black', 'dave.black@example.com', 'hashed_password_23', 'Dave', 'Black', NOW(), 85.0),
(24, 'eve_green', 'eve.green@example.com', 'hashed_password_24', 'Eve', 'Green', NOW(), 60.0),
(25, 'frank_gray', 'frank.gray@example.com', 'hashed_password_25', 'Frank', 'Gray', NOW(), 77.0),
(26, 'grace_gold', 'grace.gold@example.com', 'hashed_password_26', 'Grace', 'Gold', NOW(), 58.0),
(27, 'henry_silver', 'henry.silver@example.com', 'hashed_password_27', 'Henry', 'Silver', NOW(), 82.0),
(28, 'irene_brown', 'irene.brown@example.com', 'hashed_password_28', 'Irene', 'Brown', NOW(), 65.0),
(29, 'jack_blue', 'jack.blue@example.com', 'hashed_password_29', 'Jack', 'Blue', NOW(), 74.0),
(30, 'karen_pink', 'karen.pink@example.com', 'hashed_password_30', 'Karen', 'Pink', NOW(), 68.0),
(31, 'leo_orange', 'leo.orange@example.com', 'hashed_password_31', 'Leo', 'Orange', NOW(), 79.0),
(32, 'mia_purple', 'mia.purple@example.com', 'hashed_password_32', 'Mia', 'Purple', NOW(), 59.0),
(33, 'nick_teal', 'nick.teal@example.com', 'hashed_password_33', 'Nick', 'Teal', NOW(), 83.0),
(34, 'olivia_lime', 'olivia.lime@example.com', 'hashed_password_34', 'Olivia', 'Lime', NOW(), 61.0),
(35, 'paul_cyan', 'paul.cyan@example.com', 'hashed_password_35', 'Paul', 'Cyan', NOW(), 76.0),
(36, 'quinn_amber', 'quinn.amber@example.com', 'hashed_password_36', 'Quinn', 'Amber', NOW(), 69.0),
(37, 'rachel_olive', 'rachel.olive@example.com', 'hashed_password_37', 'Rachel', 'Olive', NOW(), 64.0),
(38, 'sam_rose', 'sam.rose@example.com', 'hashed_password_38', 'Sam', 'Rose', NOW(), 81.0),
(39, 'tina_peach', 'tina.peach@example.com', 'hashed_password_39', 'Tina', 'Peach', NOW(), 67.0),
(40, 'uma_plum', 'uma.plum@example.com', 'hashed_password_40', 'Uma', 'Plum', NOW(), 73.0),
(41, 'vince_mint', 'vince.mint@example.com', 'hashed_password_41', 'Vince', 'Mint', NOW(), 78.0),
(42, 'wendy_navy', 'wendy.navy@example.com', 'hashed_password_42', 'Wendy', 'Navy', NOW(), 66.0),
(43, 'xander_ash', 'xander.ash@example.com', 'hashed_password_43', 'Xander', 'Ash', NOW(), 84.0),
(44, 'yara_cream', 'yara.cream@example.com', 'hashed_password_44', 'Yara', 'Cream', NOW(), 63.0),
(45, 'zane_sky', 'zane.sky@example.com', 'hashed_password_45', 'Zane', 'Sky', NOW(), 72.0),
(46, 'abby_jet', 'abby.jet@example.com', 'hashed_password_46', 'Abby', 'Jet', NOW(), 57.0),
(47, 'ben_steel', 'ben.steel@example.com', 'hashed_password_47', 'Ben', 'Steel', NOW(), 86.0),
(48, 'claire_ruby', 'claire.ruby@example.com', 'hashed_password_48', 'Claire', 'Ruby', NOW(), 69.0),
(49, 'dan_slate', 'dan.slate@example.com', 'hashed_password_49', 'Dan', 'Slate', NOW(), 88.0),
(50, 'ella_rose', 'ella.rose@example.com', 'hashed_password_50', 'Ella', 'Rose', NOW(), 60.0),
(51, 'finn_emerald', 'finn.emerald@example.com', 'hashed_password_51', 'Finn', 'Emerald', NOW(), 77.0),
(52, 'gina_sand', 'gina.sand@example.com', 'hashed_password_52', 'Gina', 'Sand', NOW(), 65.0),
(53, 'harry_onyx', 'harry.onyx@example.com', 'hashed_password_53', 'Harry', 'Onyx', NOW(), 82.0),
(54, 'ivy_pearl', 'ivy.pearl@example.com', 'hashed_password_54', 'Ivy', 'Pearl', NOW(), 59.0),
(55, 'josh_rose', 'josh.rose@example.com', 'hashed_password_55', 'Josh', 'Rose', NOW(), 80.0),
(56, 'kate_snow', 'kate.snow@example.com', 'hashed_password_56', 'Kate', 'Snow', NOW(), 62.0),
(57, 'liam_frost', 'liam.frost@example.com', 'hashed_password_57', 'Liam', 'Frost', NOW(), 75.0);

-- Logging new workouts with date and duration.
INSERT INTO workouts(workout_id, user_id, workout_date, start_time, end_time, duration_minutes, notes) VALUES
(16, 16, '2023-10-16 08:00:00', '2023-10-16 08:00:00', '2023-10-16 09:00:00', 60, 'Morning jog'),
(17, 17, '2023-10-17 07:30:00', '2023-10-17 07:30:00', '2023-10-17 08:30:00', 60, 'Yoga session'),
(18, 18, '2023-10-18 18:00:00', '2023-10-18 18:00:00', '2023-10-18 19:15:00', 75, 'Evening strength training'),
(19, 19, '2023-10-19 06:30:00', '2023-10-19 06:30:00', '2023-10-19 07:30:00', 60, 'Cycling'),
(20, 20, '2023-10-20 17:45:00', '2023-10-20 17:45:00', '2023-10-20 18:45:00', 60, 'Swimming'),
(21, 21, '2023-10-21 08:15:00', '2023-10-21 08:15:00', '2023-10-21 09:00:00', 45, 'HIIT session'),
(22, 22, '2023-10-22 19:00:00', '2023-10-22 19:00:00', '2023-10-22 20:00:00', 60, 'Evening run'),
(23, 23, '2023-10-23 06:45:00', '2023-10-23 06:45:00', '2023-10-23 07:30:00', 45, 'Rowing'),
(24, 24, '2023-10-24 18:30:00', '2023-10-24 18:30:00', '2023-10-24 19:30:00', 60, 'Pilates'),
(25, 25, '2023-10-25 07:00:00', '2023-10-25 07:00:00', '2023-10-25 08:00:00', 60, 'Strength training'),
(26, 26, '2023-10-26 17:00:00', '2023-10-26 17:00:00', '2023-10-26 18:00:00', 60, 'Boxing'),
(27, 27, '2023-10-27 08:30:00', '2023-10-27 08:30:00', '2023-10-27 09:15:00', 45, 'Spin class'),
(28, 28, '2023-10-28 19:15:00', '2023-10-28 19:15:00', '2023-10-28 20:00:00', 45, 'Zumba'),
(29, 29, '2023-10-29 06:00:00', '2023-10-29 06:00:00', '2023-10-29 07:00:00', 60, 'Morning walk'),
(30, 30, '2023-10-30 18:45:00', '2023-10-30 18:45:00', '2023-10-30 19:30:00', 45, 'CrossFit'),
(31, 31, '2023-10-31 07:30:00', '2023-10-31 07:30:00', '2023-10-31 08:30:00', 60, 'Swimming'),
(32, 32, '2023-11-01 17:30:00', '2023-11-01 17:30:00', '2023-11-01 18:15:00', 45, 'Yoga'),
(33, 33, '2023-11-02 08:00:00', '2023-11-02 08:00:00', '2023-11-02 09:00:00', 60, 'Jogging'),
(34, 34, '2023-11-03 19:00:00', '2023-11-03 19:00:00', '2023-11-03 20:00:00', 60, 'Aerobics'),
(35, 35, '2023-11-04 06:30:00', '2023-11-04 06:30:00', '2023-11-04 07:30:00', 60, 'Cycling'),
(36, 36, '2023-11-05 18:00:00', '2023-11-05 18:00:00', '2023-11-05 19:00:00', 60, 'Strength training'),
(37, 37, '2023-11-06 07:15:00', '2023-11-06 07:15:00', '2023-11-06 08:00:00', 45, 'Pilates'),
(38, 38, '2023-11-07 17:45:00', '2023-11-07 17:45:00', '2023-11-07 18:45:00', 60, 'Boxing'),
(39, 39, '2023-11-08 08:30:00', '2023-11-08 08:30:00', '2023-11-08 09:15:00', 45, 'Spin class'),
(40, 40, '2023-11-09 19:15:00', '2023-11-09 19:15:00', '2023-11-09 20:00:00', 45, 'Zumba'),
(41, 41, '2023-11-10 06:00:00', '2023-11-10 06:00:00', '2023-11-10 07:00:00', 60, 'Morning walk'),
(42, 42, '2023-11-11 18:45:00', '2023-11-11 18:45:00', '2023-11-11 19:30:00', 45, 'CrossFit'),
(43, 43, '2023-11-12 07:30:00', '2023-11-12 07:30:00', '2023-11-12 08:30:00', 60, 'Swimming'),
(44, 44, '2023-11-13 17:30:00', '2023-11-13 17:30:00', '2023-11-13 18:15:00', 45, 'Yoga'),
(45, 45, '2023-11-14 08:00:00', '2023-11-14 08:00:00', '2023-11-14 09:00:00', 60, 'Jogging'),
(46, 46, '2023-11-15 19:00:00', '2023-11-15 19:00:00', '2023-11-15 20:00:00', 60, 'Aerobics'),
(47, 47, '2023-11-16 06:30:00', '2023-11-16 06:30:00', '2023-11-16 07:30:00', 60, 'Cycling'),
(48, 48, '2023-11-17 18:00:00', '2023-11-17 18:00:00', '2023-11-17 19:00:00', 60, 'Strength training'),
(49, 49, '2023-11-18 07:15:00', '2023-11-18 07:15:00', '2023-11-18 08:00:00', 45, 'Pilates'),
(50, 50, '2023-11-19 17:45:00', '2023-11-19 17:45:00', '2023-11-19 18:45:00', 60, 'Boxing'),
(51, 51, '2023-11-20 08:30:00', '2023-11-20 08:30:00', '2023-11-20 09:15:00', 45, 'Spin class'),
(52, 52, '2023-11-21 19:15:00', '2023-11-21 19:15:00', '2023-11-21 20:00:00', 45, 'Zumba'),
(53, 53, '2023-11-22 06:00:00', '2023-11-22 06:00:00', '2023-11-22 07:00:00', 60, 'Morning walk'),
(54, 54, '2023-11-23 18:45:00', '2023-11-23 18:45:00', '2023-11-23 19:30:00', 45, 'CrossFit'),
(55, 55, '2023-11-24 07:30:00', '2023-11-24 07:30:00', '2023-11-24 08:30:00', 60, 'Swimming'),
(56, 56, '2023-11-25 17:30:00', '2023-11-25 17:30:00', '2023-11-25 18:15:00', 45, 'Yoga'),
(57, 57, '2023-11-26 08:00:00', '2023-11-26 08:00:00', '2023-11-26 09:00:00', 60, 'Jogging'),
(58, 16, '2023-11-27 19:00:00', '2023-11-27 19:00:00', '2023-11-27 20:00:00', 60, 'Aerobics'),
(59, 17, '2023-11-28 06:30:00', '2023-11-28 06:30:00', '2023-11-28 07:30:00', 60, 'Cycling'),
(60, 18, '2023-11-29 18:00:00', '2023-11-29 18:00:00', '2023-11-29 19:00:00', 60, 'Strength training'),
(61, 19, '2023-11-30 07:15:00', '2023-11-30 07:15:00', '2023-11-30 08:00:00', 45, 'Pilates'),
(62, 20, '2023-12-01 17:45:00', '2023-12-01 17:45:00', '2023-12-01 18:45:00', 60, 'Boxing'),
(63, 21, '2023-12-02 08:30:00', '2023-12-02 08:30:00', '2023-12-02 09:15:00', 45, 'Spin class'),
(64, 22, '2023-12-03 19:15:00', '2023-12-03 19:15:00', '2023-12-03 20:00:00', 45, 'Zumba'),
(65, 23, '2023-12-04 06:00:00', '2023-12-04 06:00:00', '2023-12-04 07:00:00', 60, 'Morning walk')

-- Adding multiple exercises to a workout with details (sets, reps, weight).
INSERT INTO workout_exercises(workout_exercise_id, workout_id, exercise_id, set_number, repetitions, weight, unit, duration_seconds, distance, distance_unit, notes) VALUES
(16, 16, 1, 1, 12, 40, 'kg', NULL, NULL, NULL, 'Warm-up set'),
(17, 16, 1, 2, 10, 50, 'kg', NULL, NULL, NULL, 'Main set'),
(18, 16, 2, 1, 15, NULL, NULL, 60, NULL, NULL, 'Plank hold'),
(19, 17, 3, 1, 20, NULL, NULL, NULL, NULL, NULL, 'Sun Salutation'),
(20, 17, 3, 2, 15, NULL, NULL, NULL, NULL, NULL, 'Tree Pose'),
(21, 18, 4, 1, 10, 30, 'kg', NULL, NULL, NULL, 'Bench press'),
(22, 18, 5, 1, 12, 20, 'kg', NULL, NULL, NULL, 'Dumbbell curl'),
(23, 18, 6, 1, 15, NULL, NULL, NULL, NULL, NULL, 'Push-ups'),
(24, 19, 7, 1, NULL, NULL, NULL, 3600, 20, 'km', 'Cycling session'),
(25, 20, 8, 1, NULL, NULL, NULL, 3600, 2, 'km', 'Swimming laps'),
(26, 21, 9, 1, 20, NULL, NULL, NULL, NULL, NULL, 'Burpees'),
(27, 21, 10, 1, 15, NULL, NULL, NULL, NULL, NULL, 'Mountain climbers'),
(28, 22, 11, 1, NULL, NULL, NULL, 3600, 8, 'km', 'Evening run'),
(29, 23, 12, 1, NULL, NULL, NULL, 2700, 5, 'km', 'Rowing'),
(30, 24, 13, 1, 10, NULL, NULL, NULL, NULL, NULL, 'Pilates hundred'),
(31, 25, 4, 1, 10, 35, 'kg', NULL, NULL, NULL, 'Bench press'),
(32, 25, 5, 1, 12, 22, 'kg', NULL, NULL, NULL, 'Dumbbell curl'),
(33, 26, 14, 1, 10, 20, 'kg', NULL, NULL, NULL, 'Boxing bag punches'),
(34, 27, 15, 1, NULL, NULL, NULL, 2700, 15, 'km', 'Spin class'),
(35, 28, 16, 1, NULL, NULL, NULL, 2700, NULL, NULL, 'Zumba dance'),
(36, 29, 17, 1, NULL, NULL, NULL, 3600, 6, 'km', 'Morning walk'),
(37, 30, 18, 1, 10, 40, 'kg', NULL, NULL, NULL, 'Deadlift'),
(38, 31, 8, 1, NULL, NULL, NULL, 3600, 2, 'km', 'Swimming laps'),
(39, 32, 3, 1, 20, NULL, NULL, NULL, NULL, NULL, 'Yoga flow'),
(40, 33, 1, 1, 12, 45, 'kg', NULL, NULL, NULL, 'Squat'),
(41, 34, 19, 1, NULL, NULL, NULL, 3600, NULL, NULL, 'Aerobics routine'),
(42, 35, 7, 1, NULL, NULL, NULL, 3600, 20, 'km', 'Cycling session'),
(43, 36, 4, 1, 10, 38, 'kg', NULL, NULL, NULL, 'Bench press'),
(44, 37, 13, 1, 10, NULL, NULL, NULL, NULL, NULL, 'Pilates hundred'),
(45, 38, 14, 1, 10, 22, 'kg', NULL, NULL, NULL, 'Boxing bag punches'),
(46, 39, 15, 1, NULL, NULL, NULL, 2700, 15, 'km', 'Spin class'),
(47, 40, 16, 1, NULL, NULL, NULL, 2700, NULL, NULL, 'Zumba dance'),
(48, 41, 17, 1, NULL, NULL, NULL, 3600, 6, 'km', 'Morning walk'),
(49, 42, 18, 1, 10, 42, 'kg', NULL, NULL, NULL, 'Deadlift'),
(50, 43, 8, 1, NULL, NULL, NULL, 3600, 2, 'km', 'Swimming laps'),
(51, 44, 3, 1, 20, NULL, NULL, NULL, NULL, NULL, 'Yoga flow'),
(52, 45, 1, 1, 12, 48, 'kg', NULL, NULL, NULL, 'Squat'),
(53, 46, 19, 1, NULL, NULL, NULL, 3600, NULL, NULL, 'Aerobics routine'),
(54, 47, 7, 1, NULL, NULL, NULL, 3600, 20, 'km', 'Cycling session'),
(55, 48, 4, 1, 10, 40, 'kg', NULL, NULL, NULL, 'Bench press'),
(56, 49, 13, 1, 10, NULL, NULL, NULL, NULL, NULL, 'Pilates hundred'),
(57, 50, 14, 1, 10, 24, 'kg', NULL, NULL, NULL, 'Boxing bag punches'),
(58, 51, 15, 1, NULL, NULL, NULL, 2700, 15, 'km', 'Spin class'),
(59, 52, 16, 1, NULL, NULL, NULL, 2700, NULL, NULL, 'Zumba dance'),
(60, 53, 17, 1, NULL, NULL, NULL, 3600, 6, 'km', 'Morning walk'),
(61, 54, 18, 1, 10, 44, 'kg', NULL, NULL, NULL, 'Deadlift'),
(62, 55, 8, 1, NULL, NULL, NULL, 3600, 2, 'km', 'Swimming laps'),
(63, 56, 3, 1, 20, NULL, NULL, NULL, NULL, NULL, 'Yoga flow'),
(64, 57, 1, 1, 12, 50, 'kg', NULL, NULL, NULL, 'Squat'),
(65, 58, 19, 1, NULL, NULL, NULL, 3600, NULL, NULL, 'Aerobics routine'),
(66, 59, 7, 1, NULL, NULL, NULL, 3600, 20, 'km', 'Cycling session'),
(67, 60, 4, 1, 10, 42, 'kg', NULL, NULL, NULL, 'Bench press'),
(68, 61, 13, 1, 10, NULL, NULL, NULL, NULL, NULL, 'Pilates hundred'),
(69, 62, 14, 1, 10, 26, 'kg', NULL, NULL, NULL, 'Boxing bag punches'),
(70, 63, 15, 1, NULL, NULL, NULL, 2700, 15, 'km', 'Spin class'),
(71, 64, 16, 1, NULL, NULL, NULL, 2700, NULL, NULL, 'Zumba dance'),
(72, 65, 17, 1, NULL, NULL, NULL, 3600, 6, 'km', 'Morning walk'),
(73, 16, 18, 1, 10, 46, 'kg', NULL, NULL, NULL, 'Deadlift'),
(74, 17, 8, 1, NULL, NULL, NULL, 3600, 2, 'km', 'Swimming laps'),
(75, 18, 3, 1, 20, NULL, NULL, NULL, NULL, NULL, 'Yoga flow'),

-- Showing a user's workout history.
SELECT
    w.workout_id,
    w.workout_date,
    w.start_time,
    w.end_time,
    w.duration_minutes,
    w.notes AS workout_notes
FROM
    public.workouts AS w
WHERE
    w.user_id = [your_user_id] -- Replace with the actual user_id
ORDER BY
    w.workout_date DESC, w.start_time DESC;
